<?xml version="1.0" encoding="UTF-8"?>
<project-private xmlns="http://www.netbeans.org/ns/project-private/1">
    <editor-bookmarks xmlns="http://www.netbeans.org/ns/editor-bookmarks/2" lastBookmarkId="0"/>
    <open-files xmlns="http://www.netbeans.org/ns/projectui-open-files/2">
        <group>
            <file>file:/C:/Users/xiaochuan/Documents/GitHub/JourneySystem/Journey/JourneyWeb/web/productlist.jsp</file>
            <file>file:/C:/Users/xiaochuan/Documents/GitHub/JourneySystem/Journey/JourneyWeb/web/newticket.jsp</file>
            <file>file:/C:/Users/xiaochuan/Documents/GitHub/JourneySystem/Journey/JourneyWeb/src/java/servlet/CtrlServlet.java</file>
            <file>file:/C:/Users/xiaochuan/Documents/GitHub/JourneySystem/Journey/JourneyWeb/web/usercenter.jsp</file>
            <file>file:/C:/Users/xiaochuan/Documents/GitHub/JourneySystem/Journey/JourneyWeb/web/changeticket.jsp</file>
            <file>file:/C:/Users/xiaochuan/Documents/GitHub/JourneySystem/Journey/JourneyWeb/web/productdetail.jsp</file>
            <file>file:/C:/Users/xiaochuan/Documents/GitHub/JourneySystem/Journey/JourneyWeb/web/changeproduct.jsp</file>
            <file>file:/C:/Users/xiaochuan/Documents/GitHub/JourneySystem/Journey/JourneyWeb/web/userlist.jsp</file>
            <file>file:/C:/Users/xiaochuan/Documents/GitHub/JourneySystem/Journey/JourneyWeb/web/website.jsp</file>
            <file>file:/C:/Users/xiaochuan/Documents/GitHub/JourneySystem/Journey/JourneyWeb/src/java/bean/webBean.java</file>
            <file>file:/C:/Users/xiaochuan/Documents/GitHub/JourneySystem/Journey/JourneyWeb/web/register.jsp</file>
            <file>file:/C:/Users/xiaochuan/Documents/GitHub/JourneySystem/Journey/JourneyWeb/web/userfilter.jsp</file>
            <file>file:/C:/Users/xiaochuan/Documents/GitHub/JourneySystem/Journey/JourneyWeb/web/newproduct.jsp</file>
            <file>file:/C:/Users/xiaochuan/Documents/GitHub/JourneySystem/Journey/JourneyWeb/web/adminindex.jsp</file>
            <file>file:/C:/Users/xiaochuan/Documents/GitHub/JourneySystem/Journey/JourneyWeb/web/userindex.jsp</file>
            <file>file:/C:/Users/xiaochuan/Documents/GitHub/JourneySystem/Journey/JourneyWeb/web/bookticket.jsp</file>
            <file>file:/C:/Users/xiaochuan/Documents/GitHub/JourneySystem/Journey/JourneyWeb/web/login.jsp</file>
        </group>
    </open-files>
</project-private>
